{
  "dag": {
    "events": [
      {
        "timestamp": 1470900452933,
        "eventtype": "DAG_FINISHED",
        "eventinfo": {}
      },
      {
        "timestamp": 1470900392990,
        "eventtype": "DAG_STARTED",
        "eventinfo": {}
      },
      {
        "timestamp": 1470900392957,
        "eventtype": "DAG_INITIALIZED",
        "eventinfo": {}
      },
      {
        "timestamp": 1470900392616,
        "eventtype": "DAG_SUBMITTED",
        "eventinfo": {}
      }
    ],
    "entitytype": "TEZ_DAG_ID",
    "entity": "dag_1466700718395_1126_2",
    "starttime": 1470900392616,
    "domain": "Tez_ATS_application_1466700718395_1126_rajesh_20160811032615_55eb6739-68e4-45fc-ade8-c78d1878936a:1",
    "relatedentities": {
      "TEZ_VERTEX_ID": [
        "vertex_1466700718395_1126_2_10",
        "vertex_1466700718395_1126_2_00",
        "vertex_1466700718395_1126_2_11",
        "vertex_1466700718395_1126_2_01",
        "vertex_1466700718395_1126_2_12",
        "vertex_1466700718395_1126_2_02",
        "vertex_1466700718395_1126_2_13",
        "vertex_1466700718395_1126_2_03",
        "vertex_1466700718395_1126_2_04",
        "vertex_1466700718395_1126_2_05",
        "vertex_1466700718395_1126_2_06",
        "vertex_1466700718395_1126_2_07",
        "vertex_1466700718395_1126_2_08",
        "vertex_1466700718395_1126_2_09"
      ]
    },
    "primaryfilters": {
      "dagName": [
        "rajesh_20160811032615_55eb6739-68e4-45fc-ade8-c78d1878936a:1"
      ],
      "applicationId": [
        "application_1466700718395_1126"
      ],
      "user": [
        "rajesh"
      ],
      "status": [
        "SUCCEEDED"
      ]
    },
    "otherinfo": {
      "completionApplicationAttemptId": "appattempt_1466700718395_1126_000001",
      "numFailedTaskAttempts": 0,
      "numKilledTaskAttempts": 0,
      "counters": {
        "counterGroups": [
          {
            "counterGroupName": "org.apache.tez.common.counters.DAGCounter",
            "counters": [
              {
                "counterName": "NUM_SUCCEEDED_TASKS",
                "counterValue": 942
              },
              {
                "counterName": "TOTAL_LAUNCHED_TASKS",
                "counterValue": 942
              },
              {
                "counterName": "DATA_LOCAL_TASKS",
                "counterValue": 702
              },
              {
                "counterName": "RACK_LOCAL_TASKS",
                "counterValue": 96
              },
              {
                "counterName": "AM_CPU_MILLISECONDS",
                "counterValue": 89240
              },
              {
                "counterName": "AM_GC_TIME_MILLIS",
                "counterValue": 761
              }
            ]
          },
          {
            "counterGroupName": "org.apache.tez.common.counters.FileSystemCounter",
            "counterGroupDisplayName": "File System Counters",
            "counters": [
              {
                "counterName": "FILE_BYTES_READ",
                "counterValue": 3180113249
              },
              {
                "counterName": "FILE_BYTES_WRITTEN",
                "counterValue": 1008221404
              },
              {
                "counterName": "HDFS_BYTES_READ",
                "counterValue": 363120520
              },
              {
                "counterName": "HDFS_BYTES_WRITTEN",
                "counterValue": 8
              },
              {
                "counterName": "HDFS_READ_OPS",
                "counterValue": 6896
              },
              {
                "counterName": "HDFS_WRITE_OPS",
                "counterValue": 2
              }
            ]
          },
          {
            "counterGroupName": "org.apache.tez.common.counters.TaskCounter",
            "counters": [
              {
                "counterName": "REDUCE_INPUT_GROUPS",
                "counterValue": 33834799
              },
              {
                "counterName": "REDUCE_INPUT_RECORDS",
                "counterValue": 33834846
              },
              {
                "counterName": "SPILLED_RECORDS",
                "counterValue": 67888020
              },
              {
                "counterName": "NUM_SHUFFLED_INPUTS",
                "counterValue": 266898
              },
              {
                "counterName": "NUM_SKIPPED_INPUTS",
                "counterValue": 2268
              },
              {
                "counterName": "MERGED_MAP_OUTPUTS",
                "counterValue": 930262
              },
              {
                "counterName": "GC_TIME_MILLIS",
                "counterValue": 439716
              },
              {
                "counterName": "CPU_MILLISECONDS",
                "counterValue": 19530430
              },
              {
                "counterName": "PHYSICAL_MEMORY_BYTES",
                "counterValue": 5208952274944
              },
              {
                "counterName": "VIRTUAL_MEMORY_BYTES",
                "counterValue": 8601703682048
              },
              {
                "counterName": "COMMITTED_HEAP_BYTES",
                "counterValue": 5208952274944
              },
              {
                "counterName": "INPUT_RECORDS_PROCESSED",
                "counterValue": 1091646661
              },
              {
                "counterName": "OUTPUT_RECORDS",
                "counterValue": 38635944
              },
              {
                "counterName": "OUTPUT_BYTES",
                "counterValue": 1087681541
              },
              {
                "counterName": "OUTPUT_BYTES_WITH_OVERHEAD",
                "counterValue": 1166543981
              },
              {
                "counterName": "OUTPUT_BYTES_PHYSICAL",
                "counterValue": 645682284
              },
              {
                "counterName": "ADDITIONAL_SPILLS_BYTES_WRITTEN",
                "counterValue": 209436282
              },
              {
                "counterName": "ADDITIONAL_SPILLS_BYTES_READ",
                "counterValue": 390080820
              },
              {
                "counterName": "SHUFFLE_CHUNK_COUNT",
                "counterValue": 923
              },
              {
                "counterName": "SHUFFLE_BYTES",
                "counterValue": 15979137017
              },
              {
                "counterName": "SHUFFLE_BYTES_DECOMPRESSED",
                "counterValue": 28930422109
              },
              {
                "counterName": "SHUFFLE_BYTES_TO_MEM",
                "counterValue": 14962978793
              },
              {
                "counterName": "SHUFFLE_BYTES_DISK_DIRECT",
                "counterValue": 1016158224
              },
              {
                "counterName": "NUM_DISK_TO_DISK_MERGES",
                "counterValue": 11
              },
              {
                "counterName": "SHUFFLE_PHASE_TIME",
                "counterValue": 3131082
              },
              {
                "counterName": "MERGE_PHASE_TIME",
                "counterValue": 971798
              },
              {
                "counterName": "FIRST_EVENT_RECEIVED",
                "counterValue": 670106
              },
              {
                "counterName": "LAST_EVENT_RECEIVED",
                "counterValue": 1930372
              }
            ]
          },
          {
            "counterGroupName": "HIVE",
            "counters": [
              {
                "counterName": "CREATED_FILES",
                "counterValue": 1
              },
              {
                "counterName": "RECORDS_IN_Map_1",
                "counterValue": 110339135
              },
              {
                "counterName": "RECORDS_IN_Map_10",
                "counterValue": 1600000
              },
              {
                "counterName": "RECORDS_IN_Map_11",
                "counterValue": 28850247
              },
              {
                "counterName": "RECORDS_IN_Map_13",
                "counterValue": 10000
              },
              {
                "counterName": "RECORDS_IN_Map_14",
                "counterValue": 1600000
              },
              {
                "counterName": "RECORDS_IN_Map_5",
                "counterValue": 10000
              },
              {
                "counterName": "RECORDS_IN_Map_6",
                "counterValue": 1600000
              },
              {
                "counterName": "RECORDS_IN_Map_7",
                "counterValue": 57162735
              },
              {
                "counterName": "RECORDS_IN_Map_9",
                "counterValue": 10000
              },
              {
                "counterName": "RECORDS_OUT_0",
                "counterValue": 1
              },
              {
                "counterName": "RECORDS_OUT_INTERMEDIATE_Map_1",
                "counterValue": 8713152
              },
              {
                "counterName": "RECORDS_OUT_INTERMEDIATE_Map_10",
                "counterValue": 1600000
              },
              {
                "counterName": "RECORDS_OUT_INTERMEDIATE_Map_11",
                "counterValue": 2299535
              },
              {
                "counterName": "RECORDS_OUT_INTERMEDIATE_Map_13",
                "counterValue": 366
              },
              {
                "counterName": "RECORDS_OUT_INTERMEDIATE_Map_14",
                "counterValue": 1600000
              },
              {
                "counterName": "RECORDS_OUT_INTERMEDIATE_Map_5",
                "counterValue": 366
              },
              {
                "counterName": "RECORDS_OUT_INTERMEDIATE_Map_6",
                "counterValue": 1600000
              },
              {
                "counterName": "RECORDS_OUT_INTERMEDIATE_Map_7",
                "counterValue": 5904712
              },
              {
                "counterName": "RECORDS_OUT_INTERMEDIATE_Map_9",
                "counterValue": 366
              },
              {
                "counterName": "RECORDS_OUT_INTERMEDIATE_Reducer_12",
                "counterValue": 2299535
              },
              {
                "counterName": "RECORDS_OUT_INTERMEDIATE_Reducer_2",
                "counterValue": 8713152
              },
              {
                "counterName": "RECORDS_OUT_INTERMEDIATE_Reducer_3",
                "counterValue": 48
              },
              {
                "counterName": "RECORDS_OUT_INTERMEDIATE_Reducer_8",
                "counterValue": 5904712
              }
            ]
          },
          {
            "counterGroupName": "TaskCounter_Map_10_INPUT_customer",
            "counters": [
              {
                "counterName": "INPUT_RECORDS_PROCESSED",
                "counterValue": 1572
              }
            ]
          },
          {
            "counterGroupName": "TaskCounter_Map_10_OUTPUT_Map_7",
            "counters": [
              {
                "counterName": "OUTPUT_BYTES",
                "counterValue": 37680930
              },
              {
                "counterName": "OUTPUT_BYTES_PHYSICAL",
                "counterValue": 22580250
              },
              {
                "counterName": "OUTPUT_BYTES_WITH_OVERHEAD",
                "counterValue": 40880960
              },
              {
                "counterName": "OUTPUT_RECORDS",
                "counterValue": 1600000
              }
            ]
          },
          {
            "counterGroupName": "TaskCounter_Map_11_INPUT_Map_13",
            "counters": [
              {
                "counterName": "FIRST_EVENT_RECEIVED",
                "counterValue": 96796
              },
              {
                "counterName": "INPUT_RECORDS_PROCESSED",
                "counterValue": 54168
              },
              {
                "counterName": "LAST_EVENT_RECEIVED",
                "counterValue": 96796
              },
              {
                "counterName": "NUM_SHUFFLED_INPUTS",
                "counterValue": 148
              },
              {
                "counterName": "SHUFFLE_BYTES",
                "counterValue": 347060
              },
              {
                "counterName": "SHUFFLE_BYTES_DECOMPRESSED",
                "counterValue": 1246752
              },
              {
                "counterName": "SHUFFLE_BYTES_DISK_DIRECT",
                "counterValue": 21105
              },
              {
                "counterName": "SHUFFLE_BYTES_TO_MEM",
                "counterValue": 325955
              },
              {
                "counterName": "SHUFFLE_PHASE_TIME",
                "counterValue": 131988
              }
            ]
          },
          {
            "counterGroupName": "TaskCounter_Map_11_INPUT_Map_14",
            "counters": [
              {
                "counterName": "FIRST_EVENT_RECEIVED",
                "counterValue": 98408
              },
              {
                "counterName": "INPUT_RECORDS_PROCESSED",
                "counterValue": 236800000
              },
              {
                "counterName": "LAST_EVENT_RECEIVED",
                "counterValue": 284530
              },
              {
                "counterName": "NUM_SHUFFLED_INPUTS",
                "counterValue": 740
              },
              {
                "counterName": "SHUFFLE_BYTES",
                "counterValue": 3341859240
              },
              {
                "counterName": "SHUFFLE_BYTES_DECOMPRESSED",
                "counterValue": 6050382080
              },
              {
                "counterName": "SHUFFLE_BYTES_DISK_DIRECT",
                "counterValue": 192722350
              },
              {
                "counterName": "SHUFFLE_BYTES_TO_MEM",
                "counterValue": 3149136890
              },
              {
                "counterName": "SHUFFLE_PHASE_TIME",
                "counterValue": 354434
              }
            ]
          },
          {
            "counterGroupName": "TaskCounter_Map_11_INPUT_web_sales",
            "counters": [
              {
                "counterName": "INPUT_RECORDS_PROCESSED",
                "counterValue": 28357
              }
            ]
          },
          {
            "counterGroupName": "TaskCounter_Map_11_OUTPUT_Reducer_12",
            "counters": [
              {
                "counterName": "OUTPUT_BYTES",
                "counterValue": 66176883
              },
              {
                "counterName": "OUTPUT_BYTES_PHYSICAL",
                "counterValue": 37813627
              },
              {
                "counterName": "OUTPUT_BYTES_WITH_OVERHEAD",
                "counterValue": 70880113
              },
              {
                "counterName": "OUTPUT_RECORDS",
                "counterValue": 2299535
              },
              {
                "counterName": "SHUFFLE_CHUNK_COUNT",
                "counterValue": 155
              },
              {
                "counterName": "SPILLED_RECORDS",
                "counterValue": 2299535
              }
            ]
          },
          {
            "counterGroupName": "TaskCounter_Map_13_INPUT_date_dim",
            "counters": [
              {
                "counterName": "INPUT_RECORDS_PROCESSED",
                "counterValue": 10
              }
            ]
          },
          {
            "counterGroupName": "TaskCounter_Map_13_OUTPUT_Map_11",
            "counters": [
              {
                "counterName": "OUTPUT_BYTES",
                "counterValue": 7686
              },
              {
                "counterName": "OUTPUT_BYTES_PHYSICAL",
                "counterValue": 2369
              },
              {
                "counterName": "OUTPUT_BYTES_WITH_OVERHEAD",
                "counterValue": 8424
              },
              {
                "counterName": "OUTPUT_RECORDS",
                "counterValue": 366
              }
            ]
          },
          {
            "counterGroupName": "TaskCounter_Map_14_INPUT_customer",
            "counters": [
              {
                "counterName": "INPUT_RECORDS_PROCESSED",
                "counterValue": 1572
              }
            ]
          },
          {
            "counterGroupName": "TaskCounter_Map_14_OUTPUT_Map_11",
            "counters": [
              {
                "counterName": "OUTPUT_BYTES",
                "counterValue": 37680930
              },
              {
                "counterName": "OUTPUT_BYTES_PHYSICAL",
                "counterValue": 22580250
              },
              {
                "counterName": "OUTPUT_BYTES_WITH_OVERHEAD",
                "counterValue": 40880960
              },
              {
                "counterName": "OUTPUT_RECORDS",
                "counterValue": 1600000
              }
            ]
          },
          {
            "counterGroupName": "TaskCounter_Map_1_INPUT_Map_5",
            "counters": [
              {
                "counterName": "FIRST_EVENT_RECEIVED",
                "counterValue": 161733
              },
              {
                "counterName": "INPUT_RECORDS_PROCESSED",
                "counterValue": 101382
              },
              {
                "counterName": "LAST_EVENT_RECEIVED",
                "counterValue": 161733
              },
              {
                "counterName": "NUM_SHUFFLED_INPUTS",
                "counterValue": 277
              },
              {
                "counterName": "SHUFFLE_BYTES",
                "counterValue": 649565
              },
              {
                "counterName": "SHUFFLE_BYTES_DECOMPRESSED",
                "counterValue": 2333448
              },
              {
                "counterName": "SHUFFLE_BYTES_DISK_DIRECT",
                "counterValue": 60970
              },
              {
                "counterName": "SHUFFLE_BYTES_TO_MEM",
                "counterValue": 588595
              },
              {
                "counterName": "SHUFFLE_PHASE_TIME",
                "counterValue": 210734
              }
            ]
          },
          {
            "counterGroupName": "TaskCounter_Map_1_INPUT_Map_6",
            "counters": [
              {
                "counterName": "FIRST_EVENT_RECEIVED",
                "counterValue": 256969
              },
              {
                "counterName": "INPUT_RECORDS_PROCESSED",
                "counterValue": 443200000
              },
              {
                "counterName": "LAST_EVENT_RECEIVED",
                "counterValue": 596410
              },
              {
                "counterName": "NUM_SHUFFLED_INPUTS",
                "counterValue": 1385
              },
              {
                "counterName": "SHUFFLE_BYTES",
                "counterValue": 6254696010
              },
              {
                "counterName": "SHUFFLE_BYTES_DECOMPRESSED",
                "counterValue": 11324025920
              },
              {
                "counterName": "SHUFFLE_BYTES_DISK_DIRECT",
                "counterValue": 361282080
              },
              {
                "counterName": "SHUFFLE_BYTES_TO_MEM",
                "counterValue": 5893413930
              },
              {
                "counterName": "SHUFFLE_PHASE_TIME",
                "counterValue": 1181118
              }
            ]
          },
          {
            "counterGroupName": "TaskCounter_Map_1_INPUT_store_sales",
            "counters": [
              {
                "counterName": "INPUT_RECORDS_PROCESSED",
                "counterValue": 107933
              }
            ]
          },
          {
            "counterGroupName": "TaskCounter_Map_1_OUTPUT_Reducer_2",
            "counters": [
              {
                "counterName": "OUTPUT_BYTES",
                "counterValue": 251061038
              },
              {
                "counterName": "OUTPUT_BYTES_PHYSICAL",
                "counterValue": 153325868
              },
              {
                "counterName": "OUTPUT_BYTES_WITH_OVERHEAD",
                "counterValue": 269413358
              },
              {
                "counterName": "OUTPUT_RECORDS",
                "counterValue": 8713152
              },
              {
                "counterName": "SHUFFLE_CHUNK_COUNT",
                "counterValue": 364
              },
              {
                "counterName": "SPILLED_RECORDS",
                "counterValue": 8713152
              }
            ]
          },
          {
            "counterGroupName": "TaskCounter_Map_5_INPUT_date_dim",
            "counters": [
              {
                "counterName": "INPUT_RECORDS_PROCESSED",
                "counterValue": 10
              }
            ]
          },
          {
            "counterGroupName": "TaskCounter_Map_5_OUTPUT_Map_1",
            "counters": [
              {
                "counterName": "OUTPUT_BYTES",
                "counterValue": 7686
              },
              {
                "counterName": "OUTPUT_BYTES_PHYSICAL",
                "counterValue": 2369
              },
              {
                "counterName": "OUTPUT_BYTES_WITH_OVERHEAD",
                "counterValue": 8424
              },
              {
                "counterName": "OUTPUT_RECORDS",
                "counterValue": 366
              }
            ]
          },
          {
            "counterGroupName": "TaskCounter_Map_6_INPUT_customer",
            "counters": [
              {
                "counterName": "INPUT_RECORDS_PROCESSED",
                "counterValue": 1572
              }
            ]
          },
          {
            "counterGroupName": "TaskCounter_Map_6_OUTPUT_Map_1",
            "counters": [
              {
                "counterName": "OUTPUT_BYTES",
                "counterValue": 37680930
              },
              {
                "counterName": "OUTPUT_BYTES_PHYSICAL",
                "counterValue": 22580250
              },
              {
                "counterName": "OUTPUT_BYTES_WITH_OVERHEAD",
                "counterValue": 40880960
              },
              {
                "counterName": "OUTPUT_RECORDS",
                "counterValue": 1600000
              }
            ]
          },
          {
            "counterGroupName": "TaskCounter_Map_7_INPUT_Map_10",
            "counters": [
              {
                "counterName": "FIRST_EVENT_RECEIVED",
                "counterValue": 18459
              },
              {
                "counterName": "INPUT_RECORDS_PROCESSED",
                "counterValue": 411200000
              },
              {
                "counterName": "LAST_EVENT_RECEIVED",
                "counterValue": 31759
              },
              {
                "counterName": "NUM_SHUFFLED_INPUTS",
                "counterValue": 1285
              },
              {
                "counterName": "SHUFFLE_BYTES",
                "counterValue": 5803093410
              },
              {
                "counterName": "SHUFFLE_BYTES_DECOMPRESSED",
                "counterValue": 10506406720
              },
              {
                "counterName": "SHUFFLE_BYTES_DISK_DIRECT",
                "counterValue": 427445270
              },
              {
                "counterName": "SHUFFLE_BYTES_TO_MEM",
                "counterValue": 5375648140
              },
              {
                "counterName": "SHUFFLE_PHASE_TIME",
                "counterValue": 338024
              }
            ]
          },
          {
            "counterGroupName": "TaskCounter_Map_7_INPUT_Map_9",
            "counters": [
              {
                "counterName": "FIRST_EVENT_RECEIVED",
                "counterValue": 13343
              },
              {
                "counterName": "INPUT_RECORDS_PROCESSED",
                "counterValue": 94062
              },
              {
                "counterName": "LAST_EVENT_RECEIVED",
                "counterValue": 13343
              },
              {
                "counterName": "NUM_SHUFFLED_INPUTS",
                "counterValue": 257
              },
              {
                "counterName": "SHUFFLE_BYTES",
                "counterValue": 602665
              },
              {
                "counterName": "SHUFFLE_BYTES_DECOMPRESSED",
                "counterValue": 2164968
              },
              {
                "counterName": "SHUFFLE_BYTES_DISK_DIRECT",
                "counterValue": 46900
              },
              {
                "counterName": "SHUFFLE_BYTES_TO_MEM",
                "counterValue": 555765
              },
              {
                "counterName": "SHUFFLE_PHASE_TIME",
                "counterValue": 39014
              }
            ]
          },
          {
            "counterGroupName": "TaskCounter_Map_7_INPUT_catalog_sales",
            "counters": [
              {
                "counterName": "INPUT_RECORDS_PROCESSED",
                "counterValue": 56013
              }
            ]
          },
          {
            "counterGroupName": "TaskCounter_Map_7_OUTPUT_Reducer_8",
            "counters": [
              {
                "counterName": "OUTPUT_BYTES",
                "counterValue": 170069782
              },
              {
                "counterName": "OUTPUT_BYTES_PHYSICAL",
                "counterValue": 98249434
              },
              {
                "counterName": "OUTPUT_BYTES_WITH_OVERHEAD",
                "counterValue": 182223726
              },
              {
                "counterName": "OUTPUT_RECORDS",
                "counterValue": 5904712
              },
              {
                "counterName": "SHUFFLE_CHUNK_COUNT",
                "counterValue": 261
              },
              {
                "counterName": "SPILLED_RECORDS",
                "counterValue": 5904712
              }
            ]
          },
          {
            "counterGroupName": "TaskCounter_Map_9_INPUT_date_dim",
            "counters": [
              {
                "counterName": "INPUT_RECORDS_PROCESSED",
                "counterValue": 10
              }
            ]
          },
          {
            "counterGroupName": "TaskCounter_Map_9_OUTPUT_Map_7",
            "counters": [
              {
                "counterName": "OUTPUT_BYTES",
                "counterValue": 7686
              },
              {
                "counterName": "OUTPUT_BYTES_PHYSICAL",
                "counterValue": 2369
              },
              {
                "counterName": "OUTPUT_BYTES_WITH_OVERHEAD",
                "counterValue": 8424
              },
              {
                "counterName": "OUTPUT_RECORDS",
                "counterValue": 366
              }
            ]
          },
          {
            "counterGroupName": "TaskCounter_Reducer_12_INPUT_Map_11",
            "counters": [
              {
                "counterName": "ADDITIONAL_SPILLS_BYTES_READ",
                "counterValue": 26033065
              },
              {
                "counterName": "ADDITIONAL_SPILLS_BYTES_WRITTEN",
                "counterValue": 22231284
              },
              {
                "counterName": "FIRST_EVENT_RECEIVED",
                "counterValue": 1712
              },
              {
                "counterName": "LAST_EVENT_RECEIVED",
                "counterValue": 11814
              },
              {
                "counterName": "MERGED_MAP_OUTPUTS",
                "counterValue": 17360
              },
              {
                "counterName": "MERGE_PHASE_TIME",
                "counterValue": 72310
              },
              {
                "counterName": "NUM_SHUFFLED_INPUTS",
                "counterValue": 17360
              },
              {
                "counterName": "REDUCE_INPUT_GROUPS",
                "counterValue": 2299535
              },
              {
                "counterName": "REDUCE_INPUT_RECORDS",
                "counterValue": 2299535
              },
              {
                "counterName": "SHUFFLE_BYTES",
                "counterValue": 37813627
              },
              {
                "counterName": "SHUFFLE_BYTES_DECOMPRESSED",
                "counterValue": 70880113
              },
              {
                "counterName": "SHUFFLE_BYTES_DISK_DIRECT",
                "counterValue": 2149250
              },
              {
                "counterName": "SHUFFLE_BYTES_TO_MEM",
                "counterValue": 35664377
              },
              {
                "counterName": "SHUFFLE_PHASE_TIME",
                "counterValue": 61742
              },
              {
                "counterName": "SPILLED_RECORDS",
                "counterValue": 2304639
              }
            ]
          },
          {
            "counterGroupName": "TaskCounter_Reducer_12_OUTPUT_Reducer_3",
            "counters": [
              {
                "counterName": "OUTPUT_BYTES",
                "counterValue": 66176883
              },
              {
                "counterName": "OUTPUT_BYTES_PHYSICAL",
                "counterValue": 37379657
              },
              {
                "counterName": "OUTPUT_BYTES_WITH_OVERHEAD",
                "counterValue": 70807705
              },
              {
                "counterName": "OUTPUT_RECORDS",
                "counterValue": 2299535
              },
              {
                "counterName": "SHUFFLE_CHUNK_COUNT",
                "counterValue": 14
              },
              {
                "counterName": "SPILLED_RECORDS",
                "counterValue": 2299535
              }
            ]
          },
          {
            "counterGroupName": "TaskCounter_Reducer_2_INPUT_Map_1",
            "counters": [
              {
                "counterName": "ADDITIONAL_SPILLS_BYTES_READ",
                "counterValue": 100966201
              },
              {
                "counterName": "ADDITIONAL_SPILLS_BYTES_WRITTEN",
                "counterValue": 447979
              },
              {
                "counterName": "FIRST_EVENT_RECEIVED",
                "counterValue": 6599
              },
              {
                "counterName": "LAST_EVENT_RECEIVED",
                "counterValue": 447469
              },
              {
                "counterName": "MERGED_MAP_OUTPUTS",
                "counterValue": 821792
              },
              {
                "counterName": "MERGE_PHASE_TIME",
                "counterValue": 529432
              },
              {
                "counterName": "NUM_DISK_TO_DISK_MERGES",
                "counterValue": 11
              },
              {
                "counterName": "NUM_SHUFFLED_INPUTS",
                "counterValue": 154336
              },
              {
                "counterName": "REDUCE_INPUT_GROUPS",
                "counterValue": 8713152
              },
              {
                "counterName": "REDUCE_INPUT_RECORDS",
                "counterValue": 8713152
              },
              {
                "counterName": "SHUFFLE_BYTES",
                "counterValue": 153325868
              },
              {
                "counterName": "SHUFFLE_BYTES_DECOMPRESSED",
                "counterValue": 269413358
              },
              {
                "counterName": "SHUFFLE_BYTES_DISK_DIRECT",
                "counterValue": 9162718
              },
              {
                "counterName": "SHUFFLE_BYTES_TO_MEM",
                "counterValue": 144163150
              },
              {
                "counterName": "SHUFFLE_PHASE_TIME",
                "counterValue": 493754
              },
              {
                "counterName": "SPILLED_RECORDS",
                "counterValue": 8839184
              }
            ]
          },
          {
            "counterGroupName": "TaskCounter_Reducer_2_OUTPUT_Reducer_3",
            "counters": [
              {
                "counterName": "OUTPUT_BYTES",
                "counterValue": 251061038
              },
              {
                "counterName": "OUTPUT_BYTES_PHYSICAL",
                "counterValue": 151574024
              },
              {
                "counterName": "OUTPUT_BYTES_WITH_OVERHEAD",
                "counterValue": 268607546
              },
              {
                "counterName": "OUTPUT_RECORDS",
                "counterValue": 8713152
              },
              {
                "counterName": "SHUFFLE_CHUNK_COUNT",
                "counterValue": 53
              },
              {
                "counterName": "SPILLED_RECORDS",
                "counterValue": 8713152
              }
            ]
          },
          {
            "counterGroupName": "TaskCounter_Reducer_3_INPUT_Reducer_12",
            "counters": [
              {
                "counterName": "ADDITIONAL_SPILLS_BYTES_READ",
                "counterValue": 28113466
              },
              {
                "counterName": "ADDITIONAL_SPILLS_BYTES_WRITTEN",
                "counterValue": 25299951
              },
              {
                "counterName": "FIRST_EVENT_RECEIVED",
                "counterValue": 1906
              },
              {
                "counterName": "LAST_EVENT_RECEIVED",
                "counterValue": 5832
              },
              {
                "counterName": "MERGED_MAP_OUTPUTS",
                "counterValue": 3024
              },
              {
                "counterName": "MERGE_PHASE_TIME",
                "counterValue": 26603
              },
              {
                "counterName": "NUM_SHUFFLED_INPUTS",
                "counterValue": 3024
              },
              {
                "counterName": "NUM_SKIPPED_INPUTS",
                "counterValue": 2268
              },
              {
                "counterName": "REDUCE_INPUT_GROUPS",
                "counterValue": 2299535
              },
              {
                "counterName": "REDUCE_INPUT_RECORDS",
                "counterValue": 2299535
              },
              {
                "counterName": "SHUFFLE_BYTES",
                "counterValue": 37334297
              },
              {
                "counterName": "SHUFFLE_BYTES_DECOMPRESSED",
                "counterValue": 70794097
              },
              {
                "counterName": "SHUFFLE_BYTES_DISK_DIRECT",
                "counterValue": 2813515
              },
              {
                "counterName": "SHUFFLE_BYTES_TO_MEM",
                "counterValue": 34520782
              },
              {
                "counterName": "SHUFFLE_PHASE_TIME",
                "counterValue": 20246
              },
              {
                "counterName": "SPILLED_RECORDS",
                "counterValue": 2299535
              }
            ]
          },
          {
            "counterGroupName": "TaskCounter_Reducer_3_INPUT_Reducer_2",
            "counters": [
              {
                "counterName": "ADDITIONAL_SPILLS_BYTES_READ",
                "counterValue": 99676945
              },
              {
                "counterName": "ADDITIONAL_SPILLS_BYTES_WRITTEN",
                "counterValue": 90167994
              },
              {
                "counterName": "FIRST_EVENT_RECEIVED",
                "counterValue": 4823
              },
              {
                "counterName": "LAST_EVENT_RECEIVED",
                "counterValue": 84749
              },
              {
                "counterName": "MERGED_MAP_OUTPUTS",
                "counterValue": 20034
              },
              {
                "counterName": "MERGE_PHASE_TIME",
                "counterValue": 104714
              },
              {
                "counterName": "NUM_SHUFFLED_INPUTS",
                "counterValue": 20034
              },
              {
                "counterName": "REDUCE_INPUT_GROUPS",
                "counterValue": 8713152
              },
              {
                "counterName": "REDUCE_INPUT_RECORDS",
                "counterValue": 8713152
              },
              {
                "counterName": "SHUFFLE_BYTES",
                "counterValue": 151574024
              },
              {
                "counterName": "SHUFFLE_BYTES_DECOMPRESSED",
                "counterValue": 268607546
              },
              {
                "counterName": "SHUFFLE_BYTES_DISK_DIRECT",
                "counterValue": 9508951
              },
              {
                "counterName": "SHUFFLE_BYTES_TO_MEM",
                "counterValue": 142065073
              },
              {
                "counterName": "SHUFFLE_PHASE_TIME",
                "counterValue": 90805
              },
              {
                "counterName": "SPILLED_RECORDS",
                "counterValue": 8713152
              }
            ]
          },
          {
            "counterGroupName": "TaskCounter_Reducer_3_INPUT_Reducer_8",
            "counters": [
              {
                "counterName": "ADDITIONAL_SPILLS_BYTES_READ",
                "counterValue": 67910962
              },
              {
                "counterName": "ADDITIONAL_SPILLS_BYTES_WRITTEN",
                "counterValue": 63428701
              },
              {
                "counterName": "FIRST_EVENT_RECEIVED",
                "counterValue": 7535
              },
              {
                "counterName": "LAST_EVENT_RECEIVED",
                "counterValue": 107736
              },
              {
                "counterName": "MERGED_MAP_OUTPUTS",
                "counterValue": 10584
              },
              {
                "counterName": "MERGE_PHASE_TIME",
                "counterValue": 121320
              },
              {
                "counterName": "NUM_SHUFFLED_INPUTS",
                "counterValue": 10584
              },
              {
                "counterName": "REDUCE_INPUT_GROUPS",
                "counterValue": 5904712
              },
              {
                "counterName": "REDUCE_INPUT_RECORDS",
                "counterValue": 5904712
              },
              {
                "counterName": "SHUFFLE_BYTES",
                "counterValue": 99590474
              },
              {
                "counterName": "SHUFFLE_BYTES_DECOMPRESSED",
                "counterValue": 181942710
              },
              {
                "counterName": "SHUFFLE_BYTES_DISK_DIRECT",
                "counterValue": 4482261
              },
              {
                "counterName": "SHUFFLE_BYTES_TO_MEM",
                "counterValue": 95108213
              },
              {
                "counterName": "SHUFFLE_PHASE_TIME",
                "counterValue": 113623
              },
              {
                "counterName": "SPILLED_RECORDS",
                "counterValue": 5904712
              }
            ]
          },
          {
            "counterGroupName": "TaskCounter_Reducer_3_OUTPUT_Reducer_4",
            "counters": [
              {
                "counterName": "OUTPUT_BYTES",
                "counterValue": 287
              },
              {
                "counterName": "OUTPUT_BYTES_PHYSICAL",
                "counterValue": 1343
              },
              {
                "counterName": "OUTPUT_BYTES_WITH_OVERHEAD",
                "counterValue": 671
              },
              {
                "counterName": "OUTPUT_RECORDS",
                "counterValue": 48
              },
              {
                "counterName": "SHUFFLE_CHUNK_COUNT",
                "counterValue": 48
              },
              {
                "counterName": "SPILLED_RECORDS",
                "counterValue": 48
              }
            ]
          },
          {
            "counterGroupName": "TaskCounter_Reducer_4_INPUT_Reducer_3",
            "counters": [
              {
                "counterName": "ADDITIONAL_SPILLS_BYTES_READ",
                "counterValue": 370
              },
              {
                "counterName": "ADDITIONAL_SPILLS_BYTES_WRITTEN",
                "counterValue": 230
              },
              {
                "counterName": "FIRST_EVENT_RECEIVED",
                "counterValue": 3
              },
              {
                "counterName": "LAST_EVENT_RECEIVED",
                "counterValue": 1582
              },
              {
                "counterName": "MERGED_MAP_OUTPUTS",
                "counterValue": 48
              },
              {
                "counterName": "MERGE_PHASE_TIME",
                "counterValue": 1597
              },
              {
                "counterName": "NUM_SHUFFLED_INPUTS",
                "counterValue": 48
              },
              {
                "counterName": "REDUCE_INPUT_GROUPS",
                "counterValue": 1
              },
              {
                "counterName": "REDUCE_INPUT_RECORDS",
                "counterValue": 48
              },
              {
                "counterName": "SHUFFLE_BYTES",
                "counterValue": 1343
              },
              {
                "counterName": "SHUFFLE_BYTES_DECOMPRESSED",
                "counterValue": 671
              },
              {
                "counterName": "SHUFFLE_BYTES_DISK_DIRECT",
                "counterValue": 140
              },
              {
                "counterName": "SHUFFLE_BYTES_TO_MEM",
                "counterValue": 1203
              },
              {
                "counterName": "SHUFFLE_PHASE_TIME",
                "counterValue": 1584
              },
              {
                "counterName": "SPILLED_RECORDS",
                "counterValue": 48
              }
            ]
          },
          {
            "counterGroupName": "TaskCounter_Reducer_8_INPUT_Map_7",
            "counters": [
              {
                "counterName": "ADDITIONAL_SPILLS_BYTES_READ",
                "counterValue": 67379811
              },
              {
                "counterName": "ADDITIONAL_SPILLS_BYTES_WRITTEN",
                "counterValue": 7860143
              },
              {
                "counterName": "FIRST_EVENT_RECEIVED",
                "counterValue": 1820
              },
              {
                "counterName": "LAST_EVENT_RECEIVED",
                "counterValue": 86619
              },
              {
                "counterName": "MERGED_MAP_OUTPUTS",
                "counterValue": 57420
              },
              {
                "counterName": "MERGE_PHASE_TIME",
                "counterValue": 115822
              },
              {
                "counterName": "NUM_SHUFFLED_INPUTS",
                "counterValue": 57420
              },
              {
                "counterName": "REDUCE_INPUT_GROUPS",
                "counterValue": 5904712
              },
              {
                "counterName": "REDUCE_INPUT_RECORDS",
                "counterValue": 5904712
              },
              {
                "counterName": "SHUFFLE_BYTES",
                "counterValue": 98249434
              },
              {
                "counterName": "SHUFFLE_BYTES_DECOMPRESSED",
                "counterValue": 182223726
              },
              {
                "counterName": "SHUFFLE_BYTES_DISK_DIRECT",
                "counterValue": 6462714
              },
              {
                "counterName": "SHUFFLE_BYTES_TO_MEM",
                "counterValue": 91786720
              },
              {
                "counterName": "SHUFFLE_PHASE_TIME",
                "counterValue": 94016
              },
              {
                "counterName": "SPILLED_RECORDS",
                "counterValue": 5991904
              }
            ]
          },
          {
            "counterGroupName": "TaskCounter_Reducer_8_OUTPUT_Reducer_3",
            "counters": [
              {
                "counterName": "OUTPUT_BYTES",
                "counterValue": 170069782
              },
              {
                "counterName": "OUTPUT_BYTES_PHYSICAL",
                "counterValue": 99590474
              },
              {
                "counterName": "OUTPUT_BYTES_WITH_OVERHEAD",
                "counterValue": 181942710
              },
              {
                "counterName": "OUTPUT_RECORDS",
                "counterValue": 5904712
              },
              {
                "counterName": "SHUFFLE_CHUNK_COUNT",
                "counterValue": 28
              },
              {
                "counterName": "SPILLED_RECORDS",
                "counterValue": 5904712
              }
            ]
          }
        ]
      },
      "numCompletedTasks": 942,
      "amWebServiceVersion": "2",
      "numSucceededTasks": 942,
      "vertexNameIdMapping": {
        "Map 1": "vertex_1466700718395_1126_2_10",
        "Map 10": "vertex_1466700718395_1126_2_03",
        "Map 11": "vertex_1466700718395_1126_2_08",
        "Map 13": "vertex_1466700718395_1126_2_06",
        "Map 14": "vertex_1466700718395_1126_2_07",
        "Map 5": "vertex_1466700718395_1126_2_01",
        "Map 6": "vertex_1466700718395_1126_2_02",
        "Map 7": "vertex_1466700718395_1126_2_04",
        "Map 9": "vertex_1466700718395_1126_2_00",
        "Reducer 12": "vertex_1466700718395_1126_2_09",
        "Reducer 2": "vertex_1466700718395_1126_2_11",
        "Reducer 3": "vertex_1466700718395_1126_2_12",
        "Reducer 4": "vertex_1466700718395_1126_2_13",
        "Reducer 8": "vertex_1466700718395_1126_2_05"
      },
      "numFailedTasks": 0,
      "timeTaken": 59943,
      "diagnostics": "",
      "dagPlan": {
        "dagName": "rajesh_20160811032615_55eb6739-68e4-45fc-ade8-c78d1878936a:1",
        "dagInfo": "{\"context\":\"Hive\",\"description\":\"select count(*)\\nfrom (select distinct c_last_name as l1, c_first_name as f1, d_date as d1\\n       from store_sales\\n        JOIN date_dim ON store_sales.ss_sold_date_sk = date_dim.d_date_sk\\n        JOIN customer ON store_sales.ss_customer_sk = customer.c_customer_sk\\n       where\\n         d_month_seq between 1193 and 1193+11\\n        ) t1\\n      LEFT OUTER JOIN\\n      ( select distinct c_last_name as l2, c_first_name as f2, d_date as d2\\n       from catalog_sales\\n        JOIN date_dim ON catalog_sales.cs_sold_date_sk = date_dim.d_date_sk\\n        JOIN customer ON catalog_sales.cs_bill_customer_sk = customer.c_customer_sk\\n       where\\n         d_month_seq between 1193 and 1193+11\\n        ) t2\\n      ON t1.l1 = t2.l2 and\\n       t1.f1 = t2.f2 and\\n       t1.d1 = t2.d2\\n      LEFT OUTER JOIN\\n      (select distinct c_last_name as l3, c_first_name as f3, d_date as d3\\n       from web_sales\\n        JOIN date_dim ON web_sales.ws_sold_date_sk = date_dim.d_date_sk\\n        JOIN customer ON web_sales.ws_bill_customer_sk = customer.c_customer_sk\\n       where\\n         d_month_seq between 1193 and 1193+11\\n        ) t3\\n      ON t1.l1 = t3.l3 and\\n       t1.f1 = t3.f3 and\\n       t1.d1 = t3.d3\\nWHERE\\n    l2 is null and\\n    l3 is null \"}",
        "version": 1,
        "vertices": [
          {
            "vertexName": "Map 9",
            "processorClass": "org.apache.hadoop.hive.ql.exec.tez.MapTezProcessor",
            "outEdgeIds": [
              "562860919"
            ],
            "additionalInputs": [
              {
                "name": "date_dim",
                "class": "org.apache.tez.mapreduce.input.MRInputLegacy",
                "initializer": "org.apache.hadoop.hive.ql.exec.tez.HiveSplitGenerator"
              }
            ]
          },
          {
            "vertexName": "Map 5",
            "processorClass": "org.apache.hadoop.hive.ql.exec.tez.MapTezProcessor",
            "outEdgeIds": [
              "1068724688"
            ],
            "additionalInputs": [
              {
                "name": "date_dim",
                "class": "org.apache.tez.mapreduce.input.MRInputLegacy",
                "initializer": "org.apache.hadoop.hive.ql.exec.tez.HiveSplitGenerator"
              }
            ]
          },
          {
            "vertexName": "Map 6",
            "processorClass": "org.apache.hadoop.hive.ql.exec.tez.MapTezProcessor",
            "outEdgeIds": [
              "474195818"
            ],
            "additionalInputs": [
              {
                "name": "customer",
                "class": "org.apache.tez.mapreduce.input.MRInputLegacy",
                "initializer": "org.apache.hadoop.hive.ql.exec.tez.HiveSplitGenerator"
              }
            ]
          },
          {
            "vertexName": "Map 10",
            "processorClass": "org.apache.hadoop.hive.ql.exec.tez.MapTezProcessor",
            "outEdgeIds": [
              "1424036192"
            ],
            "additionalInputs": [
              {
                "name": "customer",
                "class": "org.apache.tez.mapreduce.input.MRInputLegacy",
                "initializer": "org.apache.hadoop.hive.ql.exec.tez.HiveSplitGenerator"
              }
            ]
          },
          {
            "vertexName": "Map 7",
            "processorClass": "org.apache.hadoop.hive.ql.exec.tez.MapTezProcessor",
            "inEdgeIds": [
              "1424036192",
              "562860919"
            ],
            "outEdgeIds": [
              "288569248"
            ],
            "additionalInputs": [
              {
                "name": "catalog_sales",
                "class": "org.apache.tez.mapreduce.input.MRInputLegacy",
                "initializer": "org.apache.hadoop.hive.ql.exec.tez.HiveSplitGenerator"
              }
            ]
          },
          {
            "vertexName": "Reducer 8",
            "processorClass": "org.apache.hadoop.hive.ql.exec.tez.ReduceTezProcessor",
            "inEdgeIds": [
              "288569248"
            ],
            "outEdgeIds": [
              "892008871"
            ],
            "vertexManagerPluginClass": "org.apache.tez.dag.library.vertexmanager.ShuffleVertexManager"
          },
          {
            "vertexName": "Map 13",
            "processorClass": "org.apache.hadoop.hive.ql.exec.tez.MapTezProcessor",
            "outEdgeIds": [
              "886272159"
            ],
            "additionalInputs": [
              {
                "name": "date_dim",
                "class": "org.apache.tez.mapreduce.input.MRInputLegacy",
                "initializer": "org.apache.hadoop.hive.ql.exec.tez.HiveSplitGenerator"
              }
            ]
          },
          {
            "vertexName": "Map 14",
            "processorClass": "org.apache.hadoop.hive.ql.exec.tez.MapTezProcessor",
            "outEdgeIds": [
              "1751457140"
            ],
            "additionalInputs": [
              {
                "name": "customer",
                "class": "org.apache.tez.mapreduce.input.MRInputLegacy",
                "initializer": "org.apache.hadoop.hive.ql.exec.tez.HiveSplitGenerator"
              }
            ]
          },
          {
            "vertexName": "Map 11",
            "processorClass": "org.apache.hadoop.hive.ql.exec.tez.MapTezProcessor",
            "inEdgeIds": [
              "1751457140",
              "886272159"
            ],
            "outEdgeIds": [
              "1617144303"
            ],
            "additionalInputs": [
              {
                "name": "web_sales",
                "class": "org.apache.tez.mapreduce.input.MRInputLegacy",
                "initializer": "org.apache.hadoop.hive.ql.exec.tez.HiveSplitGenerator"
              }
            ]
          },
          {
            "vertexName": "Reducer 12",
            "processorClass": "org.apache.hadoop.hive.ql.exec.tez.ReduceTezProcessor",
            "inEdgeIds": [
              "1617144303"
            ],
            "outEdgeIds": [
              "48665477"
            ],
            "vertexManagerPluginClass": "org.apache.tez.dag.library.vertexmanager.ShuffleVertexManager"
          },
          {
            "vertexName": "Map 1",
            "processorClass": "org.apache.hadoop.hive.ql.exec.tez.MapTezProcessor",
            "inEdgeIds": [
              "474195818",
              "1068724688"
            ],
            "outEdgeIds": [
              "765353166"
            ],
            "additionalInputs": [
              {
                "name": "store_sales",
                "class": "org.apache.tez.mapreduce.input.MRInputLegacy",
                "initializer": "org.apache.hadoop.hive.ql.exec.tez.HiveSplitGenerator"
              }
            ]
          },
          {
            "vertexName": "Reducer 2",
            "processorClass": "org.apache.hadoop.hive.ql.exec.tez.ReduceTezProcessor",
            "inEdgeIds": [
              "765353166"
            ],
            "outEdgeIds": [
              "1833990836"
            ],
            "vertexManagerPluginClass": "org.apache.tez.dag.library.vertexmanager.ShuffleVertexManager"
          },
          {
            "vertexName": "Reducer 3",
            "processorClass": "org.apache.hadoop.hive.ql.exec.tez.ReduceTezProcessor",
            "inEdgeIds": [
              "48665477",
              "892008871",
              "1833990836"
            ],
            "outEdgeIds": [
              "276929056"
            ],
            "vertexManagerPluginClass": "org.apache.tez.dag.library.vertexmanager.ShuffleVertexManager"
          },
          {
            "vertexName": "Reducer 4",
            "processorClass": "org.apache.hadoop.hive.ql.exec.tez.ReduceTezProcessor",
            "inEdgeIds": [
              "276929056"
            ],
            "additionalOutputs": [
              {
                "name": "out_Reducer 4",
                "class": "org.apache.tez.mapreduce.output.MROutput"
              }
            ]
          }
        ],
        "edges": [
          {
            "edgeId": "276929056",
            "inputVertexName": "Reducer 3",
            "outputVertexName": "Reducer 4",
            "dataMovementType": "SCATTER_GATHER",
            "dataSourceType": "PERSISTED",
            "schedulingType": "SEQUENTIAL",
            "edgeSourceClass": "org.apache.tez.runtime.library.output.OrderedPartitionedKVOutput",
            "edgeDestinationClass": "org.apache.tez.runtime.library.input.OrderedGroupedKVInput"
          },
          {
            "edgeId": "1833990836",
            "inputVertexName": "Reducer 2",
            "outputVertexName": "Reducer 3",
            "dataMovementType": "SCATTER_GATHER",
            "dataSourceType": "PERSISTED",
            "schedulingType": "SEQUENTIAL",
            "edgeSourceClass": "org.apache.tez.runtime.library.output.OrderedPartitionedKVOutput",
            "edgeDestinationClass": "org.apache.tez.runtime.library.input.OrderedGroupedKVInput"
          },
          {
            "edgeId": "562860919",
            "inputVertexName": "Map 9",
            "outputVertexName": "Map 7",
            "dataMovementType": "BROADCAST",
            "dataSourceType": "PERSISTED",
            "schedulingType": "SEQUENTIAL",
            "edgeSourceClass": "org.apache.tez.runtime.library.output.UnorderedKVOutput",
            "edgeDestinationClass": "org.apache.tez.runtime.library.input.UnorderedKVInput"
          },
          {
            "edgeId": "474195818",
            "inputVertexName": "Map 6",
            "outputVertexName": "Map 1",
            "dataMovementType": "BROADCAST",
            "dataSourceType": "PERSISTED",
            "schedulingType": "SEQUENTIAL",
            "edgeSourceClass": "org.apache.tez.runtime.library.output.UnorderedKVOutput",
            "edgeDestinationClass": "org.apache.tez.runtime.library.input.UnorderedKVInput"
          },
          {
            "edgeId": "1068724688",
            "inputVertexName": "Map 5",
            "outputVertexName": "Map 1",
            "dataMovementType": "BROADCAST",
            "dataSourceType": "PERSISTED",
            "schedulingType": "SEQUENTIAL",
            "edgeSourceClass": "org.apache.tez.runtime.library.output.UnorderedKVOutput",
            "edgeDestinationClass": "org.apache.tez.runtime.library.input.UnorderedKVInput"
          },
          {
            "edgeId": "1751457140",
            "inputVertexName": "Map 14",
            "outputVertexName": "Map 11",
            "dataMovementType": "BROADCAST",
            "dataSourceType": "PERSISTED",
            "schedulingType": "SEQUENTIAL",
            "edgeSourceClass": "org.apache.tez.runtime.library.output.UnorderedKVOutput",
            "edgeDestinationClass": "org.apache.tez.runtime.library.input.UnorderedKVInput"
          },
          {
            "edgeId": "886272159",
            "inputVertexName": "Map 13",
            "outputVertexName": "Map 11",
            "dataMovementType": "BROADCAST",
            "dataSourceType": "PERSISTED",
            "schedulingType": "SEQUENTIAL",
            "edgeSourceClass": "org.apache.tez.runtime.library.output.UnorderedKVOutput",
            "edgeDestinationClass": "org.apache.tez.runtime.library.input.UnorderedKVInput"
          },
          {
            "edgeId": "1617144303",
            "inputVertexName": "Map 11",
            "outputVertexName": "Reducer 12",
            "dataMovementType": "SCATTER_GATHER",
            "dataSourceType": "PERSISTED",
            "schedulingType": "SEQUENTIAL",
            "edgeSourceClass": "org.apache.tez.runtime.library.output.OrderedPartitionedKVOutput",
            "edgeDestinationClass": "org.apache.tez.runtime.library.input.OrderedGroupedKVInput"
          },
          {
            "edgeId": "48665477",
            "inputVertexName": "Reducer 12",
            "outputVertexName": "Reducer 3",
            "dataMovementType": "SCATTER_GATHER",
            "dataSourceType": "PERSISTED",
            "schedulingType": "SEQUENTIAL",
            "edgeSourceClass": "org.apache.tez.runtime.library.output.OrderedPartitionedKVOutput",
            "edgeDestinationClass": "org.apache.tez.runtime.library.input.OrderedGroupedKVInput"
          },
          {
            "edgeId": "288569248",
            "inputVertexName": "Map 7",
            "outputVertexName": "Reducer 8",
            "dataMovementType": "SCATTER_GATHER",
            "dataSourceType": "PERSISTED",
            "schedulingType": "SEQUENTIAL",
            "edgeSourceClass": "org.apache.tez.runtime.library.output.OrderedPartitionedKVOutput",
            "edgeDestinationClass": "org.apache.tez.runtime.library.input.OrderedGroupedKVInput"
          },
          {
            "edgeId": "765353166",
            "inputVertexName": "Map 1",
            "outputVertexName": "Reducer 2",
            "dataMovementType": "SCATTER_GATHER",
            "dataSourceType": "PERSISTED",
            "schedulingType": "SEQUENTIAL",
            "edgeSourceClass": "org.apache.tez.runtime.library.output.OrderedPartitionedKVOutput",
            "edgeDestinationClass": "org.apache.tez.runtime.library.input.OrderedGroupedKVInput"
          },
          {
            "edgeId": "1424036192",
            "inputVertexName": "Map 10",
            "outputVertexName": "Map 7",
            "dataMovementType": "BROADCAST",
            "dataSourceType": "PERSISTED",
            "schedulingType": "SEQUENTIAL",
            "edgeSourceClass": "org.apache.tez.runtime.library.output.UnorderedKVOutput",
            "edgeDestinationClass": "org.apache.tez.runtime.library.input.UnorderedKVInput"
          },
          {
            "edgeId": "892008871",
            "inputVertexName": "Reducer 8",
            "outputVertexName": "Reducer 3",
            "dataMovementType": "SCATTER_GATHER",
            "dataSourceType": "PERSISTED",
            "schedulingType": "SEQUENTIAL",
            "edgeSourceClass": "org.apache.tez.runtime.library.output.OrderedPartitionedKVOutput",
            "edgeDestinationClass": "org.apache.tez.runtime.library.input.OrderedGroupedKVInput"
          }
        ]
      },
      "applicationAttemptId": "appattempt_1466700718395_1126_000001",
      "startTime": 1470900392990,
      "endTime": 1470900452933,
      "applicationId": "application_1466700718395_1126",
      "numKilledTasks": 0,
      "initTime": 1470900392957,
      "user": "rajesh",
      "status": "SUCCEEDED"
    }
  }
}